antecedents,consequents,antecedent support,consequent support,support,confidence,lift,representativity,leverage,conviction,zhangs_metric,jaccard,certainty,kulczynski
frozenset({'coffee'}),frozenset({'salsa'}),0.4,0.25,0.2,0.5,2.0,1.0,0.1,1.5,0.8333333333333334,0.4444444444444445,0.3333333333333333,0.65
frozenset({'salsa'}),frozenset({'coffee'}),0.25,0.4,0.2,0.8,2.0,1.0,0.1,3.0000000000000004,0.6666666666666666,0.4444444444444445,0.6666666666666667,0.65
frozenset({'bread'}),frozenset({'butter'}),0.275,0.5,0.25,0.9090909090909091,1.8181818181818181,1.0,0.11249999999999999,5.499999999999998,0.6206896551724137,0.47619047619047616,0.8181818181818181,0.7045454545454546
frozenset({'butter'}),frozenset({'bread'}),0.5,0.275,0.25,0.5,1.8181818181818181,1.0,0.11249999999999999,1.45,0.8999999999999999,0.47619047619047616,0.31034482758620685,0.7045454545454546
frozenset({'chicken'}),frozenset({'cereal'}),0.325,0.4,0.2,0.6153846153846154,1.5384615384615385,1.0,0.07,1.56,0.5185185185185185,0.3809523809523809,0.35897435897435903,0.5576923076923077
